<?xml version="1.0" encoding="UTF-8"?>
<project-private xmlns="http://www.netbeans.org/ns/project-private/1">
    <editor-bookmarks xmlns="http://www.netbeans.org/ns/editor-bookmarks/2" lastBookmarkId="0"/>
    <open-files xmlns="http://www.netbeans.org/ns/projectui-open-files/2">
        <group>
            <file>file:/C:/Users/saidj/Documents/NetBeansProjects/Ejercicio_ApiStream/src/ejercicio_apistream/Operaciones.java</file>
            <file>file:/C:/Users/saidj/Documents/NetBeansProjects/Ejercicio_ApiStream/src/ejercicio_apistream/Ciudad.java</file>
            <file>file:/C:/Users/saidj/Documents/NetBeansProjects/Ejercicio_ApiStream/src/ejercicio_apistream/Pais.java</file>
            <file>file:/C:/Users/saidj/Documents/NetBeansProjects/Ejercicio_ApiStream/src/ejercicio_apistream/Pelicula.java</file>
            <file>file:/C:/Users/saidj/Documents/NetBeansProjects/Ejercicio_ApiStream/src/ejercicio_apistream/Genero.java</file>
            <file>file:/C:/Users/saidj/Documents/NetBeansProjects/Ejercicio_ApiStream/src/ejercicio_apistream/Main.java</file>
            <file>file:/C:/Users/saidj/Documents/NetBeansProjects/Ejercicio_ApiStream/src/ejercicio_apistream/ArchivoManager.java</file>
            <file>file:/C:/Users/saidj/Documents/NetBeansProjects/Ejercicio_ApiStream/src/ejercicio_apistream/Director.java</file>
        </group>
    </open-files>
</project-private>
